{"skeleton":{"width":399,"height":752.52,"fps":35,"spine":"3.6.0","hash":" ","name":"Armature"},"bones":[{"name":"root"},{"length":227,"x":-460.6554,"y":-280.2306,"rotation":88.7923,"name":"CUERPO","parent":"root"},{"length":131,"x":4.18,"y":70.5275,"rotation":179.1085,"name":"PIEDER","parent":"CUERPO"},{"length":167,"x":202.3156,"y":-62.3437,"rotation":-158.6602,"name":"BRAIZ","parent":"CUERPO"},{"length":133,"x":7.592,"y":-64.5097,"rotation":-179.9784,"name":"PIEIZ","parent":"CUERPO"},{"length":191,"x":199.0873,"y":71.7455,"rotation":152.3996,"name":"BRADER","parent":"CUERPO"},{"length":68,"x":2.3544,"y":1.2871,"rotation":92.0992,"name":"bone4","parent":"PIEDER"},{"length":56,"x":-5.2742,"y":-2.9134,"rotation":122.454,"name":"21","parent":"BRADER"},{"length":63,"x":0.9779,"y":-2.0737,"rotation":-85.1207,"name":"bone6","parent":"PIEIZ"},{"length":61,"x":-3.7647,"y":0.114,"rotation":-117.9869,"name":"211","parent":"BRAIZ"}],"slots":[{"name":"6","bone":"PIEIZ","attachment":"6"},{"name":"41","bone":"BRAIZ","attachment":"4"},{"name":"21","bone":"CUERPO","attachment":"2"},{"name":"5","bone":"PIEDER","attachment":"5"},{"name":"2","bone":"root"},{"name":"32","bone":"BRADER"},{"name":"3","bone":"BRADER","attachment":"3"},{"name":"51","bone":"root"},{"name":"11","bone":"root"},{"name":"CARITA 1","bone":"root"},{"name":"CARITA 2","bone":"root"},{"name":"CARITA 0","bone":"CUERPO"},{"name":"111","bone":"CUERPO","attachment":"11"},{"name":"CARITA 01","bone":"CUERPO","attachment":"CARITA 0"}],"skins":{"default":{"3":{"3":{"name":"3","width":125,"height":228,"x":98.1,"y":-12.8,"rotation":118.81},"32":{"name":"32","width":195,"height":208,"x":90.01,"y":-0.12,"rotation":-129.75},"51":{"name":"51","width":142,"height":213,"x":101.78,"y":-2.56,"rotation":118.81}},"5":{"5":{"name":"5","width":95,"height":188,"x":50.89,"y":1.02,"rotation":92.1}},"6":{"6":{"name":"6","width":96,"height":188,"x":50.03,"y":-12.54,"rotation":91.19}},"21":{"2":{"name":"2","width":220,"height":276,"x":114.11,"y":13.56,"rotation":-88.79}},"41":{"4":{"name":"4","width":126,"height":228,"x":79.4,"y":10.03,"rotation":69.87},"42":{"name":"42","width":195,"height":208,"x":72.13,"y":-5.55,"rotation":-42.43},"61":{"name":"61","width":142,"height":213,"x":85.61,"y":-1.39,"rotation":69.87}},"111":{"11":{"name":"11","width":399,"height":396,"x":414.94,"y":21.04,"rotation":-88.79}},"CARITA 01":{"CARITA 0":{"name":"CARITA 0","width":238,"height":97,"x":392.76,"y":-3.47,"rotation":-88.79},"CARITA 1":{"name":"CARITA 1","width":238,"height":108,"x":387.24,"y":-2.9,"rotation":-88.79},"CARITA 2":{"name":"CARITA 2","width":238,"height":121,"x":379.94,"y":-3.07,"rotation":-88.79}}}},"animations":{"animtion0":{"bones":{"BRAIZ":{"translate":[{"time":0},{"time":0.2857,"x":5.16,"y":0.97},{"time":0.3143,"x":7.25,"y":12.17},{"time":1.2,"x":7.25,"y":12.17},{"time":1.2286,"x":8.06,"y":16.34},{"time":1.2572,"x":7.77,"y":15.33},{"time":1.2858,"x":6.66,"y":14.84},{"time":1.3144,"x":8.39,"y":17.16},{"time":1.343,"x":6.9,"y":17.89},{"time":1.3716,"x":8.45,"y":19.44},{"time":1.4002,"x":4.31,"y":16.08},{"time":1.4288,"x":6.62,"y":19.2},{"time":1.4574,"x":6.37,"y":20.62},{"time":1.486,"x":5.79,"y":20.98},{"time":1.5146,"x":5.22,"y":23.98}],"rotate":[{"time":0,"angle":0},{"time":0.2857,"angle":32.11},{"time":0.3714,"angle":49.92},{"time":0.4,"angle":52.8},{"time":0.4286,"angle":56.87},{"time":0.5715,"angle":93.78},{"time":0.9429,"angle":93.78},{"time":1.0858,"angle":56.87},{"time":1.1144,"angle":52.8},{"time":1.143,"angle":49.92},{"time":1.2287,"angle":32.11},{"time":1.5144,"angle":0}],"shear":[{"time":0},{"time":0.2857},{"time":0.3714},{"time":0.4},{"time":0.4286},{"time":0.5715},{"time":0.9429},{"time":1.0858},{"time":1.1144},{"time":1.143},{"time":1.2287},{"time":1.5144}]},"BRADER":{"translate":[{"time":0,"x":7.89,"y":-13.51},{"time":0.3143,"x":7.96,"y":-17.1},{"time":0.3714,"x":-1.12,"y":-11.55},{"time":0.4,"x":-4.2,"y":-10.18},{"time":0.4286,"x":-10.3,"y":-1.7},{"time":0.5715,"x":-7.54,"y":17.29},{"time":0.8572,"x":-7.54,"y":17.29},{"time":0.9715,"x":-10.3,"y":-1.7},{"time":1.0001,"x":-4.2,"y":-10.18},{"time":1.0287,"x":-1.12,"y":-11.55},{"time":1.0858,"x":7.96,"y":-17.1},{"time":1.2001,"x":4.56,"y":-21.45},{"time":1.2572,"x":6.28,"y":-22.66},{"time":1.3143,"x":11.21,"y":-23.8},{"time":1.3429,"x":12.29,"y":-24.51},{"time":1.3715,"x":14.42,"y":-25.9},{"time":1.4001,"x":7.89,"y":-13.51}],"rotate":[{"time":0,"angle":0},{"time":0.2857,"angle":-32.09},{"time":0.4,"angle":-51.11},{"time":0.5714,"angle":-89.78},{"time":0.8571,"angle":-89.78},{"time":1,"angle":-51.11},{"time":1.1143,"angle":-32.09},{"time":1.4,"angle":0}],"shear":[{"time":0},{"time":0.2857},{"time":0.4},{"time":0.5714},{"time":0.8571},{"time":1},{"time":1.1143},{"time":1.4}]}},"slots":{"3":{"attachment":[{"time":0,"name":"3"},{"time":0.3143,"name":"51"},{"time":0.4286,"name":"32"},{"time":1.0857,"name":"51"},{"time":1.4,"name":"3"}]},"41":{"attachment":[{"time":0,"name":"4"},{"time":0.3143,"name":"61"},{"time":0.4286,"name":"42"},{"time":1.2,"name":"61"}]},"CARITA 01":{"attachment":[{"time":0,"name":"CARITA 0"},{"time":0.4286,"name":"CARITA 1"},{"time":0.5715,"name":"CARITA 2"},{"time":0.9715,"name":"CARITA 1"},{"time":1.1144,"name":"CARITA 0"}]}}}}}