{"skeleton":{"width":101,"height":126,"fps":10,"spine":"3.6.0","hash":" ","name":"Sprite"},"bones":[{"name":"root"}],"slots":[{"name":"sheetSlot","bone":"root","attachment":"COIN26"}],"skins":{"default":{"sheetSlot":{"COIN1":{"name":"COIN1","width":126,"height":126},"COIN2":{"name":"COIN2","width":101,"height":126},"COIN3":{"name":"COIN3","width":76,"height":126},"COIN4":{"name":"COIN4","width":51,"height":126,"x":1},"COIN5":{"name":"COIN5","width":20,"height":126},"COIN6":{"name":"COIN6","width":7,"height":126},"COIN7":{"name":"COIN7","width":5,"height":126},"COIN9":{"name":"COIN9","width":7,"height":127},"COIN10":{"name":"COIN10","width":20,"height":127},"COIN11":{"name":"COIN11","width":51,"height":127},"COIN12":{"name":"COIN12","width":76,"height":127},"COIN13":{"name":"COIN13","width":102,"height":127},"COIN14":{"name":"COIN14","width":126,"height":126},"COIN15":{"name":"COIN15","width":102,"height":127},"COIN16":{"name":"COIN16","width":76,"height":127},"COIN17":{"name":"COIN17","width":51,"height":127},"COIN18":{"name":"COIN18","width":20,"height":127},"COIN22":{"name":"COIN22","width":7,"height":126},"COIN23":{"name":"COIN23","width":20,"height":126},"COIN24":{"name":"COIN24","width":51,"height":126},"COIN25":{"name":"COIN25","width":76,"height":126},"COIN26":{"name":"COIN26","width":101,"height":126},"COIN27":{"name":"COIN27","width":126,"height":126}}}},"animations":{"Sprite":{"slots":{"sheetSlot":{"attachment":[{"time":0,"name":"COIN1"},{"time":0.1,"name":"COIN2"},{"time":0.2,"name":"COIN3"},{"time":0.3,"name":"COIN4"},{"time":0.4,"name":"COIN5"},{"time":0.5,"name":"COIN6"},{"time":0.6,"name":"COIN7"},{"time":0.7,"name":"COIN9"},{"time":0.8,"name":"COIN10"},{"time":0.9,"name":"COIN11"},{"time":1,"name":"COIN12"},{"time":1.1,"name":"COIN13"},{"time":1.2,"name":"COIN14"},{"time":1.3,"name":"COIN15"},{"time":1.4,"name":"COIN16"},{"time":1.5,"name":"COIN17"},{"time":1.6,"name":"COIN18"},{"time":1.7,"name":"COIN22"},{"time":1.8,"name":"COIN23"},{"time":1.9,"name":"COIN24"},{"time":2,"name":"COIN25"},{"time":2.1,"name":"COIN26"},{"time":2.2,"name":"COIN27"}]}}}}}