{"skeleton":{"width":7,"height":126,"fps":10,"spine":"3.6.0","hash":" ","name":"Sprite"},"bones":[{"name":"root"}],"slots":[{"name":"sheetSlot","bone":"root","attachment":"6"}],"skins":{"default":{"sheetSlot":{"1":{"name":"1","width":126,"height":126},"2":{"name":"2","width":101,"height":126},"3":{"name":"3","width":76,"height":126},"4":{"name":"4","width":51,"height":126},"5":{"name":"5","width":20,"height":126},"6":{"name":"6","width":7,"height":126},"7":{"name":"7","width":5,"height":126},"8":{"name":"8","width":4,"height":127},"9":{"name":"9","width":7,"height":127},"10":{"name":"10","width":20,"height":127,"x":4},"11":{"name":"11","width":51,"height":127},"12":{"name":"12","width":76,"height":127},"13":{"name":"13","width":102,"height":127},"14":{"name":"14","width":126,"height":126},"15":{"name":"15","width":102,"height":127},"16":{"name":"16","width":76,"height":127},"17":{"name":"17","width":51,"height":127},"18":{"name":"18","width":20,"height":127},"19":{"name":"19","width":7,"height":127},"23":{"name":"23","width":20,"height":126},"24":{"name":"24","width":51,"height":126},"25":{"name":"25","width":76,"height":126},"26":{"name":"26","width":101,"height":126},"27":{"name":"27","width":126,"height":126}}}},"animations":{"Sprite":{"slots":{"sheetSlot":{"attachment":[{"time":0,"name":"1"},{"time":0.1,"name":"2"},{"time":0.2,"name":"3"},{"time":0.3,"name":"4"},{"time":0.4,"name":"5"},{"time":0.5,"name":"6"},{"time":0.6,"name":"7"},{"time":0.7,"name":"8"},{"time":0.8,"name":"9"},{"time":0.9,"name":"10"},{"time":1,"name":"11"},{"time":1.1,"name":"12"},{"time":1.2,"name":"13"},{"time":1.3,"name":"14"},{"time":1.4,"name":"15"},{"time":1.5,"name":"16"},{"time":1.6,"name":"17"},{"time":1.7,"name":"18"},{"time":1.8,"name":"19"},{"time":1.9,"name":"23"},{"time":2,"name":"24"},{"time":2.1,"name":"25"},{"time":2.2,"name":"26"},{"time":2.3,"name":"27"}]}}}}}