{"skeleton":{"width":399,"height":752.52,"spine":"3.6.0","hash":" ","name":"Armature"},"bones":[{"name":"root"},{"length":227,"x":-460.6554,"y":-280.2306,"rotation":88.7923,"name":"CUERPO","parent":"root"},{"length":131,"x":4.18,"y":70.5275,"rotation":179.1085,"name":"PIEDER","parent":"CUERPO"},{"length":167,"x":202.3156,"y":-62.3437,"rotation":-158.6602,"name":"BRAIZ","parent":"CUERPO"},{"length":133,"x":7.592,"y":-64.5097,"rotation":-179.9784,"name":"PIEIZ","parent":"CUERPO"},{"length":191,"x":199.0873,"y":71.7455,"rotation":152.3996,"name":"BRADER","parent":"CUERPO"},{"length":68,"x":2.3544,"y":1.2871,"rotation":92.0992,"name":"bone4","parent":"PIEDER"},{"length":56,"x":-5.2742,"y":-2.9134,"rotation":122.454,"name":"21","parent":"BRADER"},{"length":63,"x":0.9779,"y":-2.0737,"rotation":-85.1207,"name":"bone6","parent":"PIEIZ"},{"length":61,"x":-3.7647,"y":0.114,"rotation":-117.9869,"name":"211","parent":"BRAIZ"}],"slots":[{"name":"6","bone":"PIEIZ","attachment":"6"},{"name":"41","bone":"BRAIZ","attachment":"4"},{"name":"21","bone":"CUERPO","attachment":"2"},{"name":"5","bone":"PIEDER","attachment":"5"},{"name":"2","bone":"root"},{"name":"32","bone":"BRADER"},{"name":"3","bone":"BRADER","attachment":"3"},{"name":"51","bone":"root"},{"name":"11","bone":"root"},{"name":"CARITA 1","bone":"root"},{"name":"CARITA 2","bone":"root"},{"name":"CARITA 0","bone":"CUERPO"},{"name":"111","bone":"CUERPO","attachment":"11"},{"name":"CARITA 01","bone":"CUERPO","attachment":"CARITA 0"}],"skins":{"default":{"3":{"3":{"name":"3","width":125,"height":228,"x":98.1,"y":-12.8,"rotation":118.81},"32":{"name":"32","width":195,"height":208,"x":90.01,"y":-0.12,"rotation":-129.75},"51":{"name":"51","width":142,"height":213,"x":101.78,"y":-2.56,"rotation":118.81}},"5":{"5":{"name":"5","width":95,"height":188,"x":50.89,"y":1.02,"rotation":92.1}},"6":{"6":{"name":"6","width":96,"height":188,"x":50.03,"y":-12.54,"rotation":91.19}},"21":{"2":{"name":"2","width":220,"height":276,"x":114.11,"y":13.56,"rotation":-88.79}},"41":{"4":{"name":"4","width":126,"height":228,"x":79.4,"y":10.03,"rotation":69.87},"42":{"name":"42","width":195,"height":208,"x":72.13,"y":-5.55,"rotation":-42.43},"61":{"name":"61","width":142,"height":213,"x":85.61,"y":-1.39,"rotation":69.87}},"111":{"11":{"name":"11","width":399,"height":396,"x":414.94,"y":21.04,"rotation":-88.79}},"CARITA 0":{"CARITA 1":{"name":"CARITA 1","width":238,"height":108,"x":387.24,"y":-2.9,"rotation":-88.79},"CARITA 2":{"name":"CARITA 2","width":238,"height":121,"x":379.94,"y":-3.07,"rotation":-88.79}},"CARITA 01":{"CARITA 0":{"name":"CARITA 0","width":238,"height":97,"x":392.76,"y":-3.47,"rotation":-88.79}}}},"animations":{"animtion0":{"bones":{"PIEDER":{"translate":[{"time":0},{"time":0.3333,"x":4.57,"y":-4.2},{"time":0.6666},{"time":0.9999,"x":8.49,"y":1.12},{"time":1.3332},{"time":1.6665,"x":4.57,"y":-4.2},{"time":1.9998},{"time":2.3331,"x":8.49,"y":1.12},{"time":2.6664},{"time":2.9997,"x":4.57,"y":-4.2},{"time":3.333}],"rotate":[{"time":0,"curve":"stepped","angle":0},{"time":0.3333,"angle":10.07},{"time":0.6666,"angle":0.96},{"time":0.9999,"angle":-14.74},{"time":1.3332,"angle":0.96},{"time":1.6665,"angle":10.07},{"time":1.9998,"angle":0.96},{"time":2.3331,"angle":-14.74},{"time":2.6664,"angle":0.96},{"time":2.9997,"angle":10.07},{"time":3.333,"angle":0.96}],"shear":[{"time":0,"curve":"stepped"},{"time":0.3333},{"time":0.6666},{"time":0.9999},{"time":1.3332},{"time":1.6665},{"time":1.9998},{"time":2.3331},{"time":2.6664},{"time":2.9997},{"time":3.333}]},"BRAIZ":{"translate":[{"time":0},{"time":0.8667,"x":-1.85,"y":0.88},{"time":0.9334,"x":-1.95,"y":5.46},{"time":2.4001,"x":-1.95,"y":5.46},{"time":2.4668,"x":-1.85,"y":0.88},{"time":3.3335}],"rotate":[{"time":0,"angle":0},{"time":0.3333,"angle":5.72},{"time":0.6666,"angle":1.95},{"time":0.9999,"angle":-13.53},{"time":1.3332,"angle":1.95},{"time":1.6665,"angle":5.72},{"time":1.9998,"angle":1.95},{"time":2.3331,"angle":-13.53},{"time":2.6664,"angle":1.95},{"time":2.9997,"angle":5.72},{"time":3.333,"angle":0}],"shear":[{"time":0},{"time":0.3333},{"time":0.6666},{"time":0.9999},{"time":1.3332},{"time":1.6665},{"time":1.9998},{"time":2.3331},{"time":2.6664},{"time":2.9997},{"time":3.333}]},"PIEIZ":{"translate":[{"time":0},{"time":0.3333,"x":-0.13,"y":6.14},{"time":0.6666},{"time":0.9999,"x":9.63,"y":1.08},{"time":1.3332},{"time":1.6665,"x":-0.13,"y":6.14},{"time":1.9998},{"time":2.3331,"x":9.63,"y":1.08},{"time":2.6664},{"time":2.9997,"x":-0.13,"y":6.14},{"time":3.333}],"rotate":[{"time":0,"curve":"stepped","angle":0},{"time":0.3333,"angle":-15.11},{"time":0.6666,"angle":-0.68},{"time":0.9999,"angle":16.52},{"time":1.3332,"angle":-0.68},{"time":1.6665,"angle":-15.11},{"time":1.9998,"angle":-0.68},{"time":2.3331,"angle":16.52},{"time":2.6664,"angle":-0.68},{"time":2.9997,"angle":-15.11},{"time":3.333,"angle":-0.68}],"shear":[{"time":0,"curve":"stepped"},{"time":0.3333},{"time":0.6666},{"time":0.9999},{"time":1.3332},{"time":1.6665},{"time":1.9998},{"time":2.3331},{"time":2.6664},{"time":2.9997},{"time":3.333}]},"BRADER":{"rotate":[{"time":0,"curve":"stepped","angle":0},{"time":0.1667,"angle":-6.96},{"time":0.3334,"angle":-12.77},{"time":0.6667,"angle":-1.48},{"time":0.7,"angle":2.49},{"time":1,"angle":25.02},{"time":1.3333,"angle":-1.48},{"time":1.6666,"angle":-12.77},{"time":1.9999,"angle":-1.48},{"time":2.3332,"angle":25.02},{"time":2.6332,"angle":2.49},{"time":2.6665,"angle":-1.48},{"time":2.9998,"angle":-12.77},{"time":3.1665,"angle":-6.96}],"shear":[{"time":0,"curve":"stepped"},{"time":0.1667},{"time":0.3334},{"time":0.6667},{"time":0.7},{"time":1},{"time":1.3333},{"time":1.6666},{"time":1.9999},{"time":2.3332},{"time":2.6332},{"time":2.6665},{"time":2.9998},{"time":3.1665}]}},"drawOrder":[{"time":0,"offsets":[{"slot":"6","offset":1}]}]}}}