{"skeleton":{"width":218,"height":405.08,"spine":"3.6.0","hash":" ","name":"Armature"},"bones":[{"x":-0.8378,"y":-19.9811,"rotation":7.282,"name":"root"},{"length":119,"x":118.7821,"y":-259.1222,"rotation":82.3092,"name":"CUERPO","parent":"root"},{"length":94,"x":108.4574,"y":-29.9408,"rotation":-144.4681,"name":"BRAIZ","parent":"CUERPO"},{"length":108,"x":110.6265,"y":30.1463,"rotation":144.0869,"name":"BRADE","parent":"CUERPO"}],"slots":[{"name":"7","bone":"root","attachment":"7"},{"name":"6","bone":"root","attachment":"6"},{"name":"5","bone":"BRAIZ","attachment":"5"},{"name":"4","bone":"BRADE","attachment":"4"},{"name":"3","bone":"CUERPO","attachment":"3"},{"name":"1","bone":"root","attachment":"1"},{"name":"2","bone":"root","attachment":"2"},{"name":"NEGRITO 2","bone":"root"},{"name":"NEGRITO 21","bone":"root"},{"name":"NEGRITO 22","bone":"root"},{"name":"NEGRITO 23","bone":"root"},{"name":"NEGRITO 24","bone":"root"}],"skins":{"default":{"1":{"1":{"name":"1","width":217,"height":215,"x":146.32,"y":-41.65,"rotation":-7.28}},"2":{"2":{"name":"2","width":129,"height":54,"x":146.1,"y":-49.82,"rotation":-7.13},"NEGRITO 3":{"name":"NEGRITO 3","width":125,"height":73,"x":144.57,"y":-62.81,"rotation":-7.28},"NEGRITO 2":{"name":"NEGRITO 2","width":125,"height":63,"x":143.95,"y":-55.49,"rotation":-7.28}},"3":{"3":{"name":"3","width":122,"height":143,"x":52.52,"y":0.62,"rotation":-90.26}},"4":{"4":{"name":"4","width":99,"height":114,"x":50.52,"y":3.64,"rotation":126.32}},"5":{"5":{"name":"5","width":99,"height":114,"x":42.4,"y":-4.06,"rotation":54.88}},"6":{"6":{"name":"6","width":53,"height":104,"x":81.66,"y":-280.96,"rotation":-7.26}},"7":{"7":{"name":"7","width":54,"height":100,"x":147.53,"y":-290.19,"rotation":-7.28}}}},"animations":{"animtion0":{"bones":{"BRAIZ":{"translate":[{"time":0},{"time":0.6667,"x":-3.3,"y":-14.04},{"time":1.3}],"rotate":[{"time":0,"angle":0},{"time":0.2333,"angle":19.82},{"time":0.3333,"angle":26.64},{"time":0.6666,"angle":83.96},{"time":0.9999,"angle":26.64},{"time":1.0999,"angle":19.82},{"time":1.2999,"angle":0}],"shear":[{"time":0},{"time":0.2333},{"time":0.3333},{"time":0.6666},{"time":0.9999},{"time":1.0999},{"time":1.2999}]},"BRADE":{"translate":[{"time":0},{"time":0.6667,"x":-13.44,"y":6.97},{"time":1.3}],"rotate":[{"time":0,"angle":0},{"time":0.3333,"angle":-31.49},{"time":0.6666,"angle":-85.61},{"time":0.9999,"angle":-31.49},{"time":1.2999,"angle":0}],"shear":[{"time":0},{"time":0.3333},{"time":0.6666},{"time":0.9999},{"time":1.2999}]}},"slots":{"2":{"attachment":[{"time":0,"name":"2"},{"time":0.3333,"name":"NEGRITO 2"},{"time":0.6666,"name":"NEGRITO 3"},{"time":0.9999,"name":"NEGRITO 2"},{"time":1.2999,"name":"2"}]}}}}}